itemID,緯度,経度,OBJECTID,番号,一次避難所,所在地,KML_GEOM_TYPE,KML_SRS,name,description,KML_ICON_HREF,指定緊急避難場所
29,36.42840848476524,139.0633456138197,,"50",,"前橋市日輪寺町158",,,,,,"南橘公民館"
51,36.41439746708819,139.0568578025562,,"11",,"前橋市上小出町地内",,,,,,"上小出国体公園"
27,36.40746659081356,139.03998142420178,,"45",,"前橋市総社町総社1583-2",,,,,,"総社公民館"
32,36.41792502178604,139.01327477814667,,"56",,"前橋市青梨子町339",,,,,,"清里公民館"